{
  "executive_summary": {
    "total_scenarios": 6,
    "successful_scenarios": 5,
    "best_performing_scenario": "crisis",
    "average_annual_return": 11.68749239378355,
    "average_sharpe_ratio": 5.2289005223825615
  },
  "scenario_analysis": {
    "baseline": {
      "scenario": "baseline",
      "period_days": 1492,
      "total_return": 130.9813734590059,
      "annual_return": 1.2811628539488713,
      "volatility": 1.7058186053229096,
      "sharpe_ratio": 0.7510545669692403,
      "max_drawdown": -0.7721517476342874,
      "var_95": -0.14563721350357064,
      "var_99": -0.29055796313922455,
      "cvar_95": -0.2345935400287907,
      "cvar_99": -0.32108682176943887,
      "win_rate": 0.11126005361930295,
      "avg_win": 0.21888781554178663,
      "avg_loss": -0.14630277962561253,
      "signal_precision": 0.5657492354740061,
      "signal_recall": 1.0,
      "signal_f1": 0.72265625,
      "bri_correlation": 0.04771653118662007,
      "bri_market_correlation": 0.0064770691186504074
    },
    "crisis": {
      "scenario": "crisis",
      "period_days": 52,
      "total_return": 1.0963319915977925,
      "annual_return": 35.12808283942421,
      "volatility": 2.7297064136195237,
      "sharpe_ratio": 12.868813533996587,
      "max_drawdown": -0.43337384753477953,
      "var_95": -0.20148958713070453,
      "var_99": -0.2537078543295821,
      "cvar_95": -0.24800510090585648,
      "cvar_99": -0.2579208157922388,
      "win_rate": 0.1346153846153846,
      "avg_win": 0.3461309558765754,
      "avg_loss": -0.17826115018645713,
      "signal_precision": 0.3076923076923077,
      "signal_recall": 1.0,
      "signal_f1": 0.47058823529411764,
      "bri_correlation": 0.16568758216925708,
      "bri_market_correlation": 0.1471016057138554
    },
    "recovery": {
      "scenario": "recovery",
      "period_days": 78,
      "total_return": 1.6012970336670675,
      "annual_return": 20.94739103515106,
      "volatility": 1.7874765798257821,
      "sharpe_ratio": 11.718973703808032,
      "max_drawdown": -0.29508407376895024,
      "var_95": -0.15007677368633102,
      "var_99": -0.18515631894106163,
      "cvar_95": -0.18038541082443169,
      "cvar_99": -0.22809224157710084,
      "win_rate": 0.16666666666666666,
      "avg_win": 0.19380657453321015,
      "avg_loss": -0.1260365496662873,
      "signal_precision": 0.2727272727272727,
      "signal_recall": 0.6,
      "signal_f1": 0.37499999999999994,
      "bri_correlation": 0.0137408109504089,
      "bri_market_correlation": -0.105740228040615
    },
    "high_volatility": {
      "error": "Insufficient data for high_volatility scenario"
    },
    "bull_market": {
      "scenario": "bull_market",
      "period_days": 1492,
      "total_return": 4.692136338357895,
      "annual_return": 0.34142564430634614,
      "volatility": 1.751878741381992,
      "sharpe_ratio": 0.194891139575681,
      "max_drawdown": -0.867714157219907,
      "var_95": -0.1674063723851161,
      "var_99": -0.29650427291040315,
      "cvar_95": -0.2473474962100456,
      "cvar_99": -0.3317586582562768,
      "win_rate": 0.11662198391420911,
      "avg_win": 0.21387402937089325,
      "avg_loss": -0.15270547691914607,
      "signal_precision": 0.5213675213675214,
      "signal_recall": 0.9891891891891892,
      "signal_f1": 0.6828358208955224,
      "bri_correlation": 0.04771653118662007,
      "bri_market_correlation": 0.0064770691186504074
    },
    "bear_market": {
      "scenario": "bear_market",
      "period_days": 1492,
      "total_return": 25.5043327123153,
      "annual_return": 0.7393995960872661,
      "volatility": 1.210603006919426,
      "sharpe_ratio": 0.6107696675632645,
      "max_drawdown": -0.823837844192045,
      "var_95": 0.0,
      "var_99": -0.23933251525205423,
      "cvar_95": -0.007754046017590228,
      "cvar_99": -0.30253822572643135,
      "win_rate": 0.05563002680965148,
      "avg_win": 0.21864204494775416,
      "avg_loss": -0.14764122755114367,
      "signal_precision": 0.7707006369426752,
      "signal_recall": 0.654054054054054,
      "signal_f1": 0.7076023391812867,
      "bri_correlation": 0.04771653118662007,
      "bri_market_correlation": 0.0064770691186504074
    }
  },
  "risk_metrics": {
    "average_var_95": -0.13292198934114446,
    "average_var_99": -0.25305178491446517,
    "average_max_drawdown": -0.6384323340699938
  },
  "signal_quality": {
    "average_precision": 0.48764739484075664,
    "average_recall": 0.8486486486486488,
    "average_f1": 0.5917365290741854
  }
}