scenario,period_days,total_return,annual_return,volatility,sharpe_ratio,max_drawdown,var_95,var_99,cvar_95,cvar_99,win_rate,avg_win,avg_loss,signal_precision,signal_recall,signal_f1,bri_correlation,bri_market_correlation
baseline,1492,130.9813734590059,1.2811628539488713,1.7058186053229096,0.7510545669692403,-0.7721517476342874,-0.14563721350357064,-0.29055796313922455,-0.2345935400287907,-0.32108682176943887,0.11126005361930295,0.21888781554178663,-0.14630277962561253,0.5657492354740061,1.0,0.72265625,0.04771653118662007,0.0064770691186504074
