scenario,period_days,total_return,annual_return,volatility,sharpe_ratio,max_drawdown,var_95,var_99,cvar_95,cvar_99,win_rate,avg_win,avg_loss,signal_precision,signal_recall,signal_f1,bri_correlation,bri_market_correlation
bear_market,1492,25.5043327123153,0.7393995960872661,1.210603006919426,0.6107696675632645,-0.823837844192045,0.0,-0.23933251525205423,-0.007754046017590228,-0.30253822572643135,0.05563002680965148,0.21864204494775416,-0.14764122755114367,0.7707006369426752,0.654054054054054,0.7076023391812867,0.04771653118662007,0.0064770691186504074
