scenario,period_days,total_return,annual_return,volatility,sharpe_ratio,max_drawdown,var_95,var_99,cvar_95,cvar_99,win_rate,avg_win,avg_loss,signal_precision,signal_recall,signal_f1,bri_correlation,bri_market_correlation
bull_market,1492,4.692136338357895,0.34142564430634614,1.751878741381992,0.194891139575681,-0.867714157219907,-0.1674063723851161,-0.29650427291040315,-0.2473474962100456,-0.3317586582562768,0.11662198391420911,0.21387402937089325,-0.15270547691914607,0.5213675213675214,0.9891891891891892,0.6828358208955224,0.04771653118662007,0.0064770691186504074
