scenario,period_days,total_return,annual_return,volatility,sharpe_ratio,max_drawdown,var_95,var_99,cvar_95,cvar_99,win_rate,avg_win,avg_loss,signal_precision,signal_recall,signal_f1,bri_correlation,bri_market_correlation
crisis,52,1.0963319915977925,35.12808283942421,2.7297064136195237,12.868813533996587,-0.43337384753477953,-0.20148958713070453,-0.2537078543295821,-0.24800510090585648,-0.2579208157922388,0.1346153846153846,0.3461309558765754,-0.17826115018645713,0.3076923076923077,1.0,0.47058823529411764,0.16568758216925708,0.1471016057138554
