scenario,period_days,total_return,annual_return,volatility,sharpe_ratio,max_drawdown,var_95,var_99,cvar_95,cvar_99,win_rate,avg_win,avg_loss,signal_precision,signal_recall,signal_f1,bri_correlation,bri_market_correlation
recovery,78,1.6012970336670675,20.94739103515106,1.7874765798257821,11.718973703808032,-0.29508407376895024,-0.15007677368633102,-0.18515631894106163,-0.18038541082443169,-0.22809224157710084,0.16666666666666666,0.19380657453321015,-0.1260365496662873,0.2727272727272727,0.6,0.37499999999999994,0.0137408109504089,-0.105740228040615
